{"Policy Loss": -5.70811653137207, "Alpha Loss": 335.6002197265625, "Replay Size": 7287, "Average Reward": 0.3577171064928975, "_runtime": 127, "_timestamp": 1644102844, "_step": 120}